,ate,ate sandwich,ate sandwich wizard,dog,dog ate,dog ate sandwich,sandwich,sandwich ate,sandwich ate sandwich,sandwich wizard,sandwich wizard transfigured,transfigured,transfigured sandwich,transfigured sandwich ate,wizard,wizard transfigured,wizard transfigured sandwich
doc_1,0.3592106040535498,0.3592106040535498,0.1796053020267749,0.1796053020267749,0.1796053020267749,0.1796053020267749,0.5388159060803247,0.1796053020267749,0.1796053020267749,0.1796053020267749,0.1796053020267749,0.1796053020267749,0.1796053020267749,0.1796053020267749,0.1796053020267749,0.1796053020267749,0.1796053020267749
